[object Object]ROCKDALE Stars Black Limited Edition HSS BK, https://www.muztorg.ru/files/bd9/v4j/u4m/1w0/4o4/k4c/848/4ok/8/bd9v4ju4m1w04o4k4c8484ok8.jpg, 22, 6, H-s-s, на болтах, клён, тополь,
IBANEZ GRGR131EX-BKF, https://www.muztorg.ru/files/7vq/y7t/8pk/ccg/ssw/0os/os8/ogc/g/7vqy7t8pkccgssw0osos8ogcg.jpg, 24, 6, H-h, на болтах, клён, тополь,
IBANEZ GRX70QA-TRB, https://www.muztorg.ru/files/7n6/341/sam/ask/48w/4cg/ckc/o08/4/7n6341samask48w4cgckco084.jpg, 22, 6, H-s-h, на болтах, клён, тополь,
ROCKDALE Stars HSS BK, https://www.muztorg.ru/files/dlt/zu6/fd3/r40/c0g/0sk/0o4/g40/k/dltzu6fd3r40c0g0sk0o4g40k.jpg, 22, 6, H-s-s, на болтах, клён, тополь,
IBANEZ GRGR221PA-AQB, https://www.muztorg.ru/files/8ly/qa7/9yh/ao8/wcc/sc4/s8g/kwk/8lyqa79yhao8wccsc4s8gkwk0.jpg, 24, 6, H-h, на болтах, клён, окуме,
IBANEZ RG421EX-BKF, https://www.muztorg.ru/files/7p3/d30/tb9/n4s/s00/g4k/k0w/gc4/4/7p3d30tb9n4ss00g4kk0wgc44.jpg, 24, 6, H-h, на болтах, клён, красное дерево,
IBANEZ GRG121DX-WNF, https://www.muztorg.ru/files/khn/fbe/7ej/tsk/kck/c0o/k00/4gk/khnfbe7ejtskkckc0ok004gk.png, 24, 6, H-h, на болтах, клён, окуме,
IBANEZ GRX40-BKN, https://www.muztorg.ru/files/2jp/wx4/khs/2o0/8o4/4wc/ssk/s80/8/2jpwx4khs2o08o44wcssks808.jpg, 22, 6, S-s-h, на болтах, клён, тополь,
IBANEZ GIO GRG170DX BKN, https://www.muztorg.ru/files/5dc/okz/uq7/dcs/coc/k8c/0gw/8kc/o/5dcokzuq7dcscock8c0gw8kco.jpg, 24, 6, H-s-h, на болтах, клён, тополь,
ROCKDALE Stars HSS WH, https://www.muztorg.ru/files/1wt/kiy/w60/io0/88o/kck/gog/80k/8/1wtkiyw60io088okckgog80k8.jpg, 22, 6, H-s-s, на болтах, клён, тополь,
TERRIS TLP-039 BK, https://www.muztorg.ru/files/97y/8x3/whb/ww8/88o/gog/wc8/ksg/8/97y8x3whbww888ogogwc8ksg8.jpeg, 22, 6, H-h, на болтах, клён, липа,
IBANEZ GSA60-BKN, https://www.muztorg.ru/files/dmp/kc8/h2x/k8o/owg/004/os4/so8/s/dmpkc8h2xk8oowg004os4so8s.jpg, 22, 6, S-s-h, на болтах, клён, окуме,
Ibanez RG421-MOL, https://www.muztorg.ru/files/cnl/dk2/kuz/tw0/owo/8gk/ww8/k4s/4/cnldk2kuztw0owo8gkww8k4s4.jpg, 24, 6, H-h, на болтах, клён, красное дерево,
ROCKDALE Stars HT HSS Black Limited Edition, https://www.muztorg.ru/files/dzm/l64/460/ls8/sok/cwc/g4c/8os/w/dzml64460ls8sokcwcg4c8osw.jpg, 22, 6, H-s-s, на болтах, клён, тополь,
IBANEZ JEMJR-WH, https://www.muztorg.ru/files/49m/95n/0al/728/k8c/gs8/w40/c44/o/49m95n0al728k8cgs8w40c44o.png, 24, 6, H-s-h, на болтах, клён, красное дерево,
IBANEZ GRG7221QA-TKS, https://www.muztorg.ru/files/9mm/wwh/utf/hoo/sg8/ogk/k0c/kog/9mmwwhutfhoosg8ogkk0ckog0.jpg, 24, 7, H-h, клён, тополь, сосна,
ROCKDALE Stars HSS SB, https://www.muztorg.ru/files/dr4/kk8/dnf/nk0/0g8/4kw/0kg/ows/w/dr4kk8dnfnk00g84kw0kgowsw.jpg, 22, 6, H-s-s, на болтах, клён, тополь,
Schecter SGR AVENGER M BLK, https://www.muztorg.ru/files/ekl/xgg/st6/jkg/c0o/ss8/sc4/so4/4/eklxggst6jkgc0oss8sc4so44.jpeg, undefined, undefined, undefined, undefined, undefined, undefined,
IBANEZ GRX70QA-TBB, https://www.muztorg.ru/files/v7t/4po/qip/v4s/88c/kw4/g8s/0gs/v7t4poqipv4s88ckw4g8s0gs.jpg, 22, 6, H-s-h, на болтах, клён, тополь,
EART GW2 NBK, https://www.muztorg.ru/files/cmu/anj/wkz/vkg/w0g/44k/40g/kco/4/cmuanjwkzvkgw0g44k40gkco4.jpg, 24, 6, H-h, на болтах, клён, падук,
FARIDA F-5050 2-Tone Sunburst, https://www.muztorg.ru/files/b55/1lj/n0t/bco/ow8/ssc/s4g/ksc/8/b551ljn0tbcoow8sscs4gksc8.jpg, 22, 6, S-s-s, на болтах, клён, ольха,
IBANEZ GRX70QA-TKS, https://www.muztorg.ru/files/5yr/ntb/vi5/h4w/0ww/ws4/kw4/0gs/5yrntbvi5h4w0wwws4kw40gs.jpg, 22, 6, H-s-h, на болтах, клён, тополь,
IBANEZ RGMS7-BK, https://www.muztorg.ru/files/doj/j5a/zbd/j40/k4s/484/8ss/c0s/4/dojj5azbdj40k4s4848ssc0s4.jpg, 24, 7, H-h, на болтах, клён, красное дерево,
IBANEZ GRX40-CA, https://www.muztorg.ru/files/2ah/kqj/hv8/yzo/0cc/goo/gsw/o04/4/2ahkqjhv8yzo0ccgoogswo044.jpeg, 22, 6, H-s-s, на болтах, клён, тополь,
IBANEZ GRX40-MGN, https://www.muztorg.ru/files/y54/jhv/nes/msc/kw0/0kw/gw0/8sw/y54jhvnesmsckw00kwgw08sw.jpeg, 22, 6, H-s-s, на болтах, клён, тополь,
IBANEZ GSA60-WNF, https://www.muztorg.ru/files/1yj/a3q/64p/z28/4sw/8cg/wcs/wc0/w/1yja3q64pz284sw8cgwcswc0w.jpg, 22, 6, H-s-s, на болтах, клён, агатис,
IBANEZ GRG121SP-BKN, https://www.muztorg.ru/files/477/t0b/awl/f6s/080/g8c/sko/goc/w/477t0bawlf6s080g8cskogocw.jpg, 24, 6, H-h, на болтах, клён, тополь,
IBANEZ GRG140-WH, https://www.muztorg.ru/files/ye8/5ok/327/y8w/cs0/o8c/40g/wo4/ye85ok327y8wcs0o8c40gwo4.jpg, 24, 6, H-s-s, на болтах, клён, липа,
IBANEZ GSA60-BS, https://www.muztorg.ru/files/8fy/azx/9wk/c08/ccw/ssg/sgo/84g/o/8fyazx9wkc08ccwssgsgo84go.jpg, 20, 6, H-s-s, на болтах, клён, агатис,
JET JS-400 SB, https://www.muztorg.ru/files/56a/ae3/u5n/zwg/o80/g0o/w8w/gkw/w/56aae3u5nzwgo80g0ow8wgkww.jpg, 22, 6, H-s-s, на болтах, клён, липа,
FENDER SQUIER Affinity 2021 Stratocaster MN Black, https://www.muztorg.ru/files/4nq/l43/lo3/a0w/c4s/cwc/sw4/s0w/4/4nql43lo3a0wc4scwcsw4s0w4.jpeg, 21, 6, S-s-s, на болтах, клён, тополь,
IBANEZ GRG121SP-GYC, https://www.muztorg.ru/files/2mh/l70/l23/bsw/s8w/kwk/c00/4ss/c/2mhl70l23bsws8wkwkc004ssc.jpg, 24, 6, H-h, на болтах, клён, тополь,
S by Solar SB4.6FRFBR, https://www.muztorg.ru/files/9av/okg/mxo/ysk/gcc/s8o/8ww/kc4/9avokgmxoyskgccs8o8wwkc40.jpg, undefined, undefined, undefined, undefined, undefined, undefined,
[object Object]EART GW2 Black, https://www.muztorg.ru/files/dyc/5ap/mo0/tcg/8g0/g44/g8k/w0o/s/dyc5apmo0tcg8g0g44g8kw0os.jpg, 24, 6, H-h, на болтах, клён, падук,
JET JS-300 BK, https://www.muztorg.ru/files/bb3/eet/x92/mo8/swg/c8o/c0w/ogw/bb3eetx92mo8swgc8oc0wogw.jpeg, 22, 6, S-s-s, на болтах, клён, липа,
IBANEZ RGA42EX-BAM, https://www.muztorg.ru/files/bbx/l4y/ns6/5ck/k4s/0oc/ok8/s44/w/bbxl4yns65ckk4s0ocok8s44w.jpg, 6, H-h, на болтах, клён, меранти, ятоба,
ROCKDALE Stars Plus HT HSS Maple White, https://www.muztorg.ru/files/dup/vml/w7f/kg8/8o8/so0/cc8/co0/k/dupvmlw7fkg88o8so0cc8co0k.jpg, 22, 6, H-s-s, на болтах, клён, тополь,
JET JT-300 SB, https://www.muztorg.ru/files/ljx/cfm/0bh/344/cw0/88o/s8g/ggk/ljxcfm0bh344cw088os8gggk.jpeg, 22, 6, S-s, на болтах, клён, липа,
IBANEZ RG631ALF-BCM, https://www.muztorg.ru/files/btg/p9t/zbc/woc/gko/ogs/g00/s00/o/btgp9tzbcwocgkoogsg00s00o.jpg, 24, 6, H-h, на болтах, орех, ньятон,
IBANEZ GRG121DXL-WNF, https://www.muztorg.ru/files/5dy/3a2/xfy/t4w/gc8/oco/0sg/og8/o/5dy3a2xfyt4wgc8oco0sgog8o.jpg, 24, 6, H-h, на болтах, клён, окуме,
TERRIS TPACK-1 BK, https://www.muztorg.ru/files/csj/svd/rte/hc8/0og/0oo/ss8/w40/4/csjsvdrtehc80og0ooss8w404.jpeg, 22, 6, S-s-s, на болтах, клён, липа,
IBANEZ S521-MOL, https://www.muztorg.ru/files/rpm/afy/mpg/5c0/0oc/soc/4sw/0gs/rpmafympg5c00ocsoc4sw0gs.jpg, 24, 6, H-h, на болтах, клён, красное дерево,
JET JS-300 SFG, https://www.muztorg.ru/files/5ab/vcq/8hb/8w8/osw/wks/8o8/4cg/c/5abvcq8hb8w8oswwks8o84cgc.jpg, 22, 6, S-s-s, на болтах, клён, липа,
IBANEZ GRG120QASP-BGD, https://www.muztorg.ru/files/3h2/puz/jl4/j40/o0o/088/gk8/w8w/g/3h2puzjl4j40o0o088gk8w8wg.jpg, 24, 6, H-h, на болтах, клён, тополь,
IBANEZ S520-WK, https://www.muztorg.ru/files/3mq/glz/wir/w6c/8oc/4gc/w0o/0gs/k/3mqglzwirw6c8oc4gcw0o0gsk.jpg, 24, 6, H-h, на болтах, клён, красное дерево,
ROCKDALE Stars Plus HT HH Maple White, https://www.muztorg.ru/files/bj8/vd0/ili/s08/og4/o4c/4go/0c8/8/bj8vd0ilis08og4o4c4go0c88.jpg, 22, 6, H-h, на болтах, клён, тополь,
FENDER SQUIER Affinity 2021 Telecaster MN Butterscotch Blonde, https://www.muztorg.ru/files/egx/po4/bqz/808/k0c/48w/so0/8w4/w/egxpo4bqz808k0c48wso08w4w.jpeg, 21, 6, S-s, на болтах, клён, тополь,
IBANEZ RGD71ALMS-BAM, https://www.muztorg.ru/files/4ai/p2i/z2d/su8/cos/wcg/sc0/cgc/c/4aip2iz2dsu8coswcgsc0cgcc.jpg, 24, 7, H-h, на болтах, орех, ньятон,
Schecter BANSHEE-6 SGR SBK, https://www.muztorg.ru/files/7uu/2tu/dld/ao8/04g/448/g8g/8g0/s/7uu2tudldao804g448g8g8g0s.jpeg, undefined, undefined, undefined, undefined, undefined, undefined,
IBANEZ AZES40-PRB, https://www.muztorg.ru/files/b8z/ucx/cq3/jsw/kog/kgs/ksw/w0o/c/b8zucxcq3jswkogkgsksww0oc.jpg, 22, 6, H-s-s, на болтах, клён, тополь,
TERRIS TST-39 BK, https://www.muztorg.ru/files/9bh/sv5/6eg/0g8/884/kc0/00g/o00/k/9bhsv56eg0g8884kc000go00k.jpeg, 22, 6, S-s-s, на болтах, клён, липа,
ROCKDALE Stars Plus HSS Maple Black, https://www.muztorg.ru/files/a5o/209/hcf/94w/888/ksc/gkc/g04/8/a5o209hcf94w888kscgkcg048.jpg, 22, 6, H-s-s, на болтах, клён, тополь,
EART GW2 Natural, https://www.muztorg.ru/files/4cc/ov3/2tm/cqo/g8g/g0c/wks/sgg/4/4ccov32tmcqog8gg0cwkssgg4.jpg, 24, 6, H-h, на болтах, клён, падук,
EART NK-C3 Trans Purple, https://www.muztorg.ru/files/9iz/677/xsg/kkk/swo/8o4/o4c/0ss/o/9iz677xsgkkkswo8o4o4c0sso.jpg, 22, 6, H-s-s, на болтах, клён, красное дерево,
IBANEZ GRX40-MLB, https://www.muztorg.ru/files/1th/qco/af2/4m8/kgw/8ck/sgk/ww8/1thqcoaf24m8kgw8cksgkww8.jpeg, 22, 6, S-s-h, на болтах, клён, тополь,
IBANEZ RG421PB-CHF, https://www.muztorg.ru/files/f5e/74t/12d/pss/4so/08s/sg4/88o/o/f5e74t12dpss4so08ssg488oo.jpg, 24, 6, H-h, клён, меранти, ятоба,
EART NK-C3 Trans Cherryburst, https://www.muztorg.ru/files/aw3/e4r/mhf/j4g/g0o/gkc/k8g/skk/s/aw3e4rmhfj4gg0ogkck8gskks.jpg, 22, 6, H-s-s, на болтах, клён, красное дерево,
EART YMS-SG3 Trans Tobacco Burst, https://www.muztorg.ru/files/66w/h8w/f4a/48w/0co/gog/0og/8oo/4/66wh8wf4a48w0cogog0og8oo4.jpg, 22, 6, S-s-s, на болтах, клён, красное дерево,
TERRIS TLP-039 WH, https://www.muztorg.ru/files/cvk/0cn/je3/m04/8c8/wcg/cs0/ow4/cvk0cnje3m048c8wcgcs0ow40.jpeg, 22, 6, H-h, на болтах, клён, липа,
EART NK-C3 Trans Black, https://www.muztorg.ru/files/9xg/zl5/mft/b4g/8kg/ko0/cg0/sos/w/9xgzl5mftb4g8kgko0cg0sosw.jpg, 22, 6, H-s-s, на болтах, клён, клён,
IBANEZ GRG170DX-SV, https://www.muztorg.ru/files/9bu/arh/baq/rs4/cw0/4c4/cco/4ko/o/9buarhbaqrs4cw04c4cco4koo.jpg, 24, 6, H-s-h, на болтах, клён, тополь,
Fabio ST100 BLS, https://www.muztorg.ru/files/9wn/4u4/na1/8g0/g44/0wg/sss/k0s/4/9wn4u4na18g0g440wgsssk0s4.jpg, 22, 6, S-s-s, на болтах, клён, липа,
AIERSI PRS-24 Blue Summer Sky Burst, https://www.muztorg.ru/files/5q1/p7f/74r/j0g/kk0/k0g/gk0/0cg/8/5q1p7f74rj0gkk0k0ggk00cg8.jpg, 24, 6, H-h, вклеенный, клён, красное дерево,
JACKSON X Dinky DKAF 7 Black, https://www.muztorg.ru/files/134/ond/i4j/nq8/kg0/04o/gs0/c4k/k/134ondi4jnq8kg004ogs0c4kk.JPG, 7, на болтах, клён, красное дерево, лавр, правосторонняя,
IBANEZ AZES31-IV, https://www.muztorg.ru/files/dyp/6v5/srl/4ow/w8w/g08/g8k/s4g/g/dyp6v5srl4oww8wg08g8ks4gg.jpg, 6, S-s-s, на болтах, клён, тополь, ятоба,
IBANEZ S521-BBS, https://www.muztorg.ru/files/4pd/mnh/kur/50k/0k4/gc4/gw8/444/o/4pdmnhkur50k0k4gc4gw8444o.jpg, 6, на болтах, клён, красное дерево, палисандр, ольха,
[object Object]Cort CR100-CRS Classic Rock, https://www.muztorg.ru/files/ao5/cxl/5bg/7k8/k0k/c04/kgc/kw0/ao5cxl5bg7k8k0kc04kgckw0.jpg, 6, на болтах, клён, красное дерево, палисандр, правосторонняя,
JET JT-300 BTS, https://www.muztorg.ru/files/7cx/bu5/pvf/rc4/gwk/80g/w8k/ooc/s/7cxbu5pvfrc4gwk80gw8koocs.jpeg, 22, 6, S-s, на болтах, клён, липа,
JET JL-500 GD, https://www.muztorg.ru/files/6s0/0p1/4l3/zwg/c8g/k4c/kwc/wo8/k/6s00p14l3zwgc8gk4ckwcwo8k.jpg, 22, 6, H-h, вклеенный, красное дерево, красное дерево,
IBANEZ S671ALB-BCM, https://www.muztorg.ru/files/3iz/7yp/clj/ew4/g00/kwk/0kg/w4c/k/3iz7ypcljew4g00kwk0kgw4ck.jpg, 24, 6, H-s-h, на болтах, орех, ньятон,
STAGG SES-30 IBM, https://www.muztorg.ru/files/110/y13/2uv/3ao/swc/088/s0w/0kc/w/110y132uv3aoswc088s0w0kcw.jpg, undefined, undefined, undefined, undefined, undefined, undefined,
GRX70QA-SB, https://www.muztorg.ru/files/dxv/t8m/7ia/x44/8k4/0kw/wsk/w44/w/dxvt8m7iax448k40kwwskw44w.jpg, undefined, undefined, undefined, undefined, undefined, undefined,
Bosstone LP-6 SB+Bag, https://www.muztorg.ru/files/1hr/us0/xp6/ttw/c4o/8o4/wc4/08c/g/1hrus0xp6ttwc4o8o4wc408cg.jpg, 22, 6, H-h, вклеенный, клён, тополь,
IBANEZ AZES40-BK, https://www.muztorg.ru/files/cdi/u1s/sle/74k/kss/0wo/o84/kg0/s/cdiu1ssle74kkss0woo84kg0s.jpg, 22, 6, H-s-s, на болтах, клён, тополь,
AF75G-BKF, https://www.muztorg.ru/files/bug/ovs/zuy/hsg/0co/ck4/c4g/0ck/bugovszuyhsg0cock4c4g0ck0.jpg, 20, 6, H-h, вклеенный, ньятон, липа,
JET JS-300 OW, https://www.muztorg.ru/files/bo9/ex9/rqj/7wo/04g/o0o/kk0/88w/c/bo9ex9rqj7wo04go0okk088wc.jpg, undefined, undefined, undefined, undefined, undefined, undefined,
Fabio ST200 SB (Н/S/S), https://www.muztorg.ru/files/a1w/c7h/3up/bco/04s/80g/swc/wkg/w/a1wc7h3upbco04s80gswcwkgw.jpg, 22, 6, H-s-s, на болтах, клён, ольха,
IBANEZ RGA742FM-TGF, https://www.muztorg.ru/files/64c/7cj/gfa/ao0/8gc/cs8/kck/800/64c7cjgfaao08gccs8kck8000.jpg, 24, 7, H-h, на болтах, клён, меранти,
Schecter SGR C-1 BLK, https://www.muztorg.ru/files/abv/ctb/9fn/w8w/wc0/sww/oo0/ksw/k/abvctb9fnw8wwc0swwoo0kswk.jpeg, undefined, undefined, undefined, undefined, undefined, undefined,
ROCKDALE Stars HSS Red Metallic, https://www.muztorg.ru/files/6ww/o00/kfg/v40/swc/8cc/s0w/8c8/w/6wwo00kfgv40swc8ccs0w8c8w.jpg, 22, 6, H-s-s, на болтах, клён, тополь,
IBANEZ RGA42FM-TGF, https://www.muztorg.ru/files/6bv/4ez/sso/xgc/88o/wow/g0s/ocw/g/6bv4ezssoxgc88owowg0socwg.jpeg, 24, 6, H-h, на болтах, клён, меранти,
ROCKDALE Stars SSS Black, https://www.muztorg.ru/files/2jz/fli/mup/ekg/04o/c0w/0s0/okc/c/2jzflimupekg04oc0w0s0okcc.jpg, 22, 6, S-s-s, на болтах, клён, тополь,
AIERSI TL-10 Black, https://www.muztorg.ru/files/3xr/3cq/hx5/s84/g4c/gsc/c84/cko/c/3xr3cqhx5s84g4cgscc84ckoc.jpg, 22, 6, H-h, на болтах, клён, тополь,
JACKSON JS22 Dinky DK Satin Black, https://www.muztorg.ru/files/7qs/tqw/ny4/xwk/o80/48k/o8c/0ks/o/7qstqwny4xwko8048ko8c0kso.jpg, 6, на болтах, клён, тополь, амарант, правосторонняя,
IBANEZ SA260FM-VLS, https://www.muztorg.ru/files/322/uph/yfr/o2s/8co/w4c/k40/0o4/4/322uphyfro2s8cow4ck400o44.jpg, 22, 6, H-s-s, на болтах, клён, красное дерево,
IBANEZ ARTCORE AF55-TF, https://www.muztorg.ru/files/5nz/xxb/nu8/p44/gcw/800/4sw/4o8/c/5nzxxbnu8p44gcw8004sw4o8c.jpg, 20, 6, H-h, вклеенный, красное дерево, клён,
AIERSI LP-24 Sweet Honey Burst, https://www.muztorg.ru/files/7mc/r5k/onz/hk4/og0/cs0/0kk/g4s/s/7mcr5konzhk4og0cs00kkg4ss.jpg, 22, 6, H-h, вклеенный, красное дерево, красное дерево,
FENDER SQUIER Affinity 2021 Stratocaster FMT HSS MN Black Burst, https://www.muztorg.ru/files/4bt/8ik/ee1/uck/4wo/sgk/4cc/kss/4/4bt8ikee1uck4wosgk4cckss4.jpeg, undefined, undefined, undefined, undefined, undefined, undefined,
Fernandes LE-1Z CAR/L, https://www.muztorg.ru/files/8gy/koj/axo/mck/044/kc0/0wo/44s/8/8gykojaxomck044kc00wo44s8.jpeg, 6, H-s-s, на болтах, клён, ольха, палисандр,
JET JS-400 OW, https://www.muztorg.ru/files/euz/cw7/1v5/xc0/o44/0sk/4wg/ksw/g/euzcw71v5xc0o440sk4wgkswg.jpg, 22, 6, H-s-s, на болтах, клён, липа,
SCHECTER SGR C-1 FR WSN, https://www.muztorg.ru/files/rsv/0zu/je7/b40/w8k/k0o/o4s/8ws/rsv0zuje7b40w8kk0oo4s8ws.jpg, 24, 6, H-h, на болтах, клён, липа,
IBANEZ QX527PB-ABS, https://www.muztorg.ru/files/an9/4r6/1ex/748/8kw/kk8/c40/wkk/8/an94r61ex7488kwkk8c40wkk8.jpg, 7, undefined, undefined, undefined, undefined, undefined,
EART EXPLORER-H6 Black, https://www.muztorg.ru/files/20q/7zx/nio/0as/c0g/wkw/s0s/co4/8/20q7zxnio0asc0gwkws0sco48.jpg, undefined, undefined, undefined, undefined, undefined, undefined,
TERRIS TSS-039 BK, https://www.muztorg.ru/files/8qa/gye/wdz/4g8/w0s/gs8/cwo/ws0/8/8qagyewdz4g8w0sgs8cwows08.jpg, 22, 6, H-s-s, на болтах, клён, липа,
ARIA 615-WJ BK, https://www.muztorg.ru/files/cge/1gb/3pb/bk8/sso/k8k/8gw/wwc/g/cge1gb3pbbk8ssok8k8gwwwcg.jpg, 22, 6, H-h, на болтах, клён, тополь,
EART EXPLORER-H6 Natural, https://www.muztorg.ru/files/5mr/z23/6l4/30o/kog/ggw/g80/gso/c/5mrz236l430okogggwg80gsoc.jpg, 24, 6, H-h, на болтах, орех, тополь,
FENDER SQUIER Affinity 2021 Stratocaster FMT HSS MN Sienna Sunburst, https://www.muztorg.ru/files/7wj/ihl/wgg/kw8/cck/sc4/wgg/44g/4/7wjihlwggkw8ccksc4wgg44g4.jpeg, 21, 6, H-s-s, на болтах, клён, тополь,
EART E-335 Brown Sunburst, https://www.muztorg.ru/files/cpr/8jc/a1o/5k4/okg/0wk/kks/k08/4/cpr8jca1o5k4okg0wkkksk084.jpg, 22, 6, H-h, вклеенный, красное дерево, красное дерево,
ROCKDALE Stars HT HSS Sunburst, https://www.muztorg.ru/files/8jr/pg7/ik4/v0g/4ks/ow8/w4c/40w/s/8jrpg7ik4v0g4ksow8w4c40ws.jpg, 22, 6, H-s-s, на болтах, клён, тополь,
[object Object]JACKSON JS22-7 Dinky DKA HT Satin Black, https://www.muztorg.ru/files/5p1/tkg/0p4/gco/ssw/44c/k8o/oc0/c/5p1tkg0p4gcossw44ck8ooc0c.jpg, 7, на болтах, клён, тополь, амарант, правосторонняя,
FENDER PLAYER Stratocaster HSS PF Black, https://www.muztorg.ru/files/206/veq/n3c/lus/s4k/cwk/c8g/s88/w/206veqn3cluss4kcwkc8gs88w.jpg, 6, H-s-s, на болтах, клён, ольха, пао ферро,
IBANEZ AZES31-VM, https://www.muztorg.ru/files/23x/kk4/361/m3o/0s8/0so/8w0/goc/c/23xkk4361m3o0s80so8w0gocc.jpg, 22, 6, S-s-s, на болтах, клён, тополь,
Schecter BANSHEE-6 SGR WSN, https://www.muztorg.ru/files/flv/zyc/uyj/rk8/scg/0og/cgg/wso/flvzycuyjrk8scg0ogcggwso.jpeg, undefined, undefined, undefined, undefined, undefined, undefined,
STAGG SES-30 BK, https://www.muztorg.ru/files/44k/cd3/dby/280/ow8/kcs/08k/c8g/w/44kcd3dby280ow8kcs08kc8gw.jpg, undefined, undefined, undefined, undefined, undefined, undefined,
Bosstone SG-04 BL+Bag, https://www.muztorg.ru/files/cgb/lzi/264/9w0/scc/4ss/gw8/0g0/s/cgblzi2649w0scc4ssgw80g0s.jpg, 22, 6, H-s-s, на болтах, клён, платан,
ROCKDALE Stars HSS Blue Metallic, https://www.muztorg.ru/files/7rg/7up/47a/ao0/88g/c0c/0oo/go4/7rg7up47aao088gc0c0oogo40.jpg, 22, 6, H-s-s, на болтах, клён, тополь,
Fabio ST200 N (Н/S/S), https://www.muztorg.ru/files/9uu/tp0/zsn/nk0/gc4/w04/0cg/g48/g/9uutp0zsnnk0gc4w040cgg48g.jpg, 22, 6, H-s-s, на болтах, клён, ольха,
IBANEZ Q54-BKF, https://www.muztorg.ru/files/cf9/e1c/hw0/xkw/wwc/gck/8gg/gw4/k/cf9e1chw0xkwwwcgck8gggw4k.jpg, 6, S-s-h, на болтах, клён, ньятон, клён,
Cort CR200-FBL Classic Rock, https://www.muztorg.ru/files/7ic/v0m/ttv/lgc/8o8/0sk/go0/k0w/o/7icv0mttvlgc8o80skgo0k0wo.jpeg, 22, 6, H-h, вклеенный, красное дерево, красное дерево,
IBANEZ KRYS10, https://www.muztorg.ru/files/44u/i5l/nnq/tmo/888/w80/cs8/oss/k/44ui5lnnqtmo888w80cs8ossk.jpg, 24, 6, H-h, на болтах, клён, ясень,
FENDER PLAYER Stratocaster PF Polar White, https://www.muztorg.ru/files/4dr/erw/3q2/h44/kks/owo/8kc/k4k/4drerw3q2h44kksowo8kck4k0.jpg, 22, 6, S-s-s, на болтах, клён, ольха,
Schecter SGR S-1 WSN, https://www.muztorg.ru/files/e0a/8sr/3i7/a0c/s0k/8k0/cok/o4g/e0a8sr3i7a0cs0k8k0coko4g0.jpeg, 24, 6, H-h, на болтах, клён, липа,
EART YMS-SG3 Trans Blue, https://www.muztorg.ru/files/b13/8ft/pjt/iww/8ow/gsc/8cg/gss/b138ftpjtiww8owgsc8cggss0.jpg, 22, 6, S-s-s, на болтах, клён, красное дерево,
IBANEZ AZES40-MGR, https://www.muztorg.ru/files/ycn/tn6/oab/80c/g0k/8gw/coo/8gs/ycntn6oab80cg0k8gwcoo8gs.jpg, 6, H-s-s, на болтах, клён, тополь, ятоба,
Cort G250-LH-BK G Series, https://www.muztorg.ru/files/3i7/8m5/ivt/i80/s48/0cw/g48/kos/g/3i78m5ivti80s480cwg48kosg.jpeg, undefined, undefined, undefined, undefined, undefined, undefined,
Caraya E100BK, https://www.muztorg.ru/files/988/r38/bid/oo4/88g/04c/wws/40c/8/988r38bidoo488g04cwws40c8.jpeg, 21, 6, S, на болтах, клён, клён,
Schecter BANSHEE-6 SGR BLK, https://www.muztorg.ru/files/bmb/6rj/z3j/z4g/gg4/ww8/gc0/c4k/4/bmb6rjz3jz4ggg4ww8gc0c4k4.jpeg, undefined, undefined, undefined, undefined, undefined, undefined,
JET JS-400 SFG, https://www.muztorg.ru/files/1jm/cyn/sej/msk/00o/wcg/0kg/ww4/o/1jmcynsejmsk00owcg0kgww4o.jpg, 22, 6, H-s-s, на болтах, клён, липа,
ARIA PRO II J-2 CA, https://www.muztorg.ru/files/aj9/l2d/011/i8k/8wc/04c/g0k/8o8/s/aj9l2d011i8k8wc04cg0k8o8s.jpeg, 24, 6, S-s, на болтах, клён, тополь,
Bosstone TG-03 WH+Bag, https://www.muztorg.ru/files/5fx/4c7/4ml/k4k/gsk/0gs/84s/0o8/s/5fx4c74mlk4kgsk0gs84s0o8s.jpg, 21, 6, S-s, на болтах, клён, платан,
IBANEZ Q52PB-ABS, https://www.muztorg.ru/files/9xd/kqp/8lb/u0o/4ws/0oo/4gg/wwo/9xdkqp8lbu0o4ws0oo4ggwwo0.jpg, undefined, undefined, undefined, undefined, undefined, undefined,
TERRIS TLP-039 LB, https://www.muztorg.ru/files/p13/q61/r5o/m8k/g8c/g8c/sk4/k8g/p13q61r5om8kg8cg8csk4k8g.jpg, 22, 6, H-h, на болтах, клён, липа,
Schecter BANSHEE-6 SGR EB, https://www.muztorg.ru/files/5jf/nds/1zr/cgs/g8k/g0c/c80/s8w/8/5jfnds1zrcgsg8kg0cc80s8w8.png, 24, 6, H-h, на болтах, клён, липа,
Russtone RULP-D BK, https://www.muztorg.ru/files/8mq/jhj/is2/5s8/csc/ko8/48o/8o0/k/8mqjhjis25s8cscko848o8o0k.jpg, 22, 6, H-h, на болтах, клён, тополь,
CORT G200-PPK G Series, https://www.muztorg.ru/files/dl8/kir/ovl/vs4/o88/w0o/k88/wgw/w/dl8kirovlvs4o88w0ok88wgww.jpg, 22, 6, S-s-h, на болтах, клён, тополь,
CORT X500-Menace-GS X Series, https://www.muztorg.ru/files/8e4/brj/hsa/pcs/gso/ksc/8k8/80s/k/8e4brjhsapcsgsoksc8k880sk.jpg, undefined, undefined, undefined, undefined, undefined, undefined,
ARIA PRO II STG-004 3TS, https://www.muztorg.ru/files/579/8wk/lv9/u04/gog/ocw/8o0/sow/o/5798wklv9u04gogocw8o0sowo.jpg, 22, 6, H-h, на болтах, клён, липа,
Schecter SGR C-1 EB, https://www.muztorg.ru/files/a7c/450/iob/aos/o0c/ks0/ss0/owc/c/a7c450iobaoso0cks0ss0owcc.jpeg, 24, 6, на болтах, клён, липа, палисандр,
ARIA PRO II 714-MK2 TQBL, https://www.muztorg.ru/files/8a2/tvg/ozf/zc4/8wo/ow8/4o4/woc/g/8a2tvgozfzc48woow84o4wocg.jpeg, 22, 6, H-s-s, на болтах, клён, тополь,
IBANEZ AF95-BS, https://www.muztorg.ru/files/ebw/wh7/5kx/c84/scc/c4o/wcc/ksg/8/ebwwh75kxc84sccc4owccksg8.jpg, 20, 6, H-h, вклеенный, липа, чёрное дерево,
STAGG SEL-STD GOLD, https://www.muztorg.ru/files/26z/2co/z9z/yzo/ock/cks/s44/gcw/8/26z2coz9zyzoockckss44gcw8.jpg, undefined, undefined, undefined, undefined, undefined, undefined,
Bosstone TG-03 BK+Bag, https://www.muztorg.ru/files/cqx/t8j/ray/aok/k8s/oog/880/oc0/s/cqxt8jrayaokk8soog880oc0s.jpg, 21, 6, S-s, на болтах, клён, платан,
[object Object]STAGG SET-PLUS BK, https://www.muztorg.ru/files/a3c/vzi/o4u/m0w/gsc/wk0/sgg/sog/k/a3cvzio4um0wgscwk0sggsogk.jpg, undefined, undefined, undefined, undefined, undefined, undefined,
ARIA PRO II J-2 BK, https://www.muztorg.ru/files/9zo/9hb/thv/jsw/o0g/kks/488/cok/s/9zo9hbthvjswo0gkks488coks.jpeg, 24, 6, S-s, на болтах, клён, тополь,
ARIA PRO II PE-350CST AGBK, https://www.muztorg.ru/files/y0h/bs4/m12/m80/cg4/w0o/kwg/o44/y0hbs4m12m80cg4w0okwgo44.jpg, 22, 6, H-h, на болтах, окуме, липа,
Bosstone SG-04HH BL+Bag, https://www.muztorg.ru/files/xoa/whu/6m2/7ko/0ck/csk/444/4cw/xoawhu6m27ko0ckcsk4444cw.jpg, 22, 6, H-h, на болтах, клён, платан,
Schecter SGR 006 M RED, https://www.muztorg.ru/files/4qd/9t3/63f/im8/gkc/owo/0ow/kkg/g/4qd9t363fim8gkcowo0owkkgg.jpeg, 22, 6, H-h, на болтах, клён, липа,
SCHECTER SGR C-1 MSBK, https://www.muztorg.ru/files/7oc/q8i/mdh/50k/s4w/088/wgs/w0s/7ocq8imdh50ks4w088wgsw0s.jpg, undefined, undefined, undefined, undefined, undefined, undefined,
STAGG SES-30 CAR, https://www.muztorg.ru/files/3iw/b1p/vqo/yqs/4os/ocw/gg4/o0k/s/3iwb1pvqoyqs4osocwgg4o0ks.jpg, undefined, undefined, undefined, undefined, undefined, undefined,
FARIDA F-5020 Metallic Blue, https://www.muztorg.ru/files/21v/i54/95z/400/0sk/g04/8sk/o08/c/21vi5495z4000skg048sko08c.jpg, 22, 6, H-s-s, на болтах, клён, ольха,
Bosstone SR-06 MBL+Bag, https://www.muztorg.ru/files/296/4i5/9cg/qqs/cc8/swk/00w/8w0/s/2964i59cgqqscc8swk00w8w0s.jpg, 24, 6, H-s-s, на болтах, клён, липа,
Fernandes LE-1Z BLK/L электрогитара Stratocaster HSS, цвет - чёрный, https://www.muztorg.ru/files/7a7/asj/jj9/r0g/00c/og0/ocg/0oc/w/7a7asjjj9r0g00cog0ocg0ocw.jpeg, undefined, undefined, undefined, undefined, undefined, undefined,
TERRIS TST-39 LB, https://www.muztorg.ru/files/2pb/b2y/vyo/78k/s44/0oc/wgs/w04/c/2pbb2yvyo78ks440ocwgsw04c.jpg, 22, 6, S-s-s, на болтах, клён, липа,
JACKSON JS22 Monarkh SC Satin Black, https://www.muztorg.ru/files/dqv/6g9/jf3/kg8/cw8/gks/w0g/kw8/s/dqv6g9jf3kg8cw8gksw0gkw8s.jpg, 6, на болтах, клён, нато, амарант, правосторонняя,
IBANEZ RGMS8-BK, https://www.muztorg.ru/files/dbh/fc8/nu4/jk0/wsw/ocs/sc8/w4k/dbhfc8nu4jk0wswocssc8w4k0.jpg, 8, красное дерево, ятоба, правосторонняя, Superstrat, 25.5,
IBANEZ AS73G-PBM, https://www.muztorg.ru/files/7i3/kdo/ffq/0co/gs0/k4o/ssc/w4w/w/7i3kdoffq0cogs0k4osscw4ww.jpg, 6, вклеенный, ньятон, липа, орех, липа,
IBANEZ AS53-TKF, https://www.muztorg.ru/files/4c3/p8m/hr0/lmo/sgo/s4c/4sg/sck/4c3p8mhr0lmosgos4c4sgsck0.jpg, 22, 6, H-h, вклеенный, красное дерево, сапеле,
JACKSON JS11 Dinky DK Snow White, https://www.muztorg.ru/files/18a/s2v/dbi/o4g/os0/skg/0ko/w4w/18as2vdbio4gos0skg0kow4w0.jpg, 6, на болтах, клён, тополь, амарант, правосторонняя,
AM53-TF, https://www.muztorg.ru/files/6ru/xeh/ohj/m04/ggk/8o0/cc8/cw4/4/6ruxehohjm04ggk8o0cc8cw44.jpg, 22, 6, H-h, вклеенный, ньятон, сапеле,
Cort CR250-ATA Classic Rock, https://www.muztorg.ru/files/996/ne0/72f/ksg/c00/o84/0o4/g4w/k/996ne072fksgc00o840o4g4wk.jpg, undefined, undefined, undefined, undefined, undefined, undefined,
PEAVEY Raptor Custom BLK, https://www.muztorg.ru/files/35t/u4f/m8o/les/www/cc0/40k/0c4/w/35tu4fm8oleswwwcc040k0c4w.jpg, 22, 6, S-s-s, на болтах, клён, липа,
ARIA PRO II J-TL SVW, https://www.muztorg.ru/files/3w8/3g1/o5s/xgk/c8c/og0/ooo/804/c/3w83g1o5sxgkc8cog0ooo804c.jpg, 24, 6, S-s, на болтах, клён, тополь,
Cort X500-Menace-BKS X Series, https://www.muztorg.ru/files/5n2/bqd/616/m0w/4o4/cwo/osg/0k0/5n2bqd616m0w4o4cwoosg0k00.jpg, undefined, undefined, undefined, undefined, undefined, undefined,
TERRIS TST-39 RD, https://www.muztorg.ru/files/3dl/91r/1bh/hk4/0g8/o4k/0kg/44g/c/3dl91r1bhhk40g8o4k0kg44gc.jpeg, 22, 6, S-s-s, на болтах, липа, липа,
Cort G290-FAT-AVB G Series, https://www.muztorg.ru/files/bwr/rj9/z5h/rco/w8s/48s/4k8/8wk/8/bwrrj9z5hrcow8s48s4k88wk8.jpeg, 22, 6, H-h, на болтах, клён, ясень,
S by Solar AB4.6W электрогитара, цвет белый, https://www.muztorg.ru/files/7ie/ois/orj/yko/scg/g08/8ws/4g8/7ieoisorjykoscgg088ws4g8.jpg, undefined, undefined, undefined, undefined, undefined, undefined,
FARIDA F-5050 White, https://www.muztorg.ru/files/elg/czf/uvb/t44/gs8/kkk/4g8/gss/s/elgczfuvbt44gs8kkk4g8gsss.jpg, 22, 6, S-s-s, на болтах, клён, ольха,
Schecter SGR C-1 WSN, https://www.muztorg.ru/files/cqw/ii0/5fv/t44/0sc/84g/swg/08o/w/cqwii05fvt440sc84gswg08ow.jpeg, undefined, undefined, undefined, undefined, undefined, undefined,
JET JS-500 SLS, https://www.muztorg.ru/files/2qd/jys/pbe/7ok/c80/w88/o0c/4kc/2qdjyspbe7okc80w88o0c4kc0.jpg, 24, 6, H-h, на болтах, клён, липа,
Cort Sunset-Nylectric-NAT Sunset Series, https://www.muztorg.ru/files/cx8/cjq/r6e/xkc/oo0/44w/kgs/w40/w/cx8cjqr6exkcoo044wkgsw40w.jpg, 22, 6, пьезо, на болтах, красное дерево, красное дерево,
FENDER SQUIER Affinity 2021 Stratocaster LRL 3-Color Sunburst, https://www.muztorg.ru/files/9w6/2hx/msb/w8w/sws/so8/wos/cow/g/9w62hxmsbw8wswsso8woscowg.jpeg, undefined, undefined, undefined, undefined, undefined, undefined,
JET JS-500 BLS, https://www.muztorg.ru/files/ei1/ve8/2j4/xcs/co4/o0g/og8/skw/o/ei1ve82j4xcsco4o0gog8skwo.jpeg, 24, 6, H-h, на болтах, клён, липа,
FARIDA F-5051 Black, https://www.muztorg.ru/files/7v3/wck/eum/oco/oks/0o4/c4k/sc8/7v3wckeumocooks0o4c4ksc80.jpg, 22, 6, S-s-h, на болтах, клён, ольха,
ARIA PRO II PE-590STD AGCS, https://www.muztorg.ru/files/4yz/mfy/6wk/m80/ckg/c0c/c8g/cwo/o/4yzmfy6wkm80ckgc0cc8gcwoo.jpg, 22, 6, H-h, вклеенный, окуме, окуме,
ARIA PRO II TEG-TL MIB, https://www.muztorg.ru/files/dhl/bpk/9jn/go4/o0c/40c/ocw/gcc/dhlbpk9jngo4o0c40cocwgcc.jpg, 22, 6, S-s, на болтах, клён, окуме,
[object Object]Fernandes RXX06 SW, https://www.muztorg.ru/files/du0/qcu/xxx/woo/kgo/ows/co4/wkg/g/du0qcuxxxwookgoowsco4wkgg.jpg, undefined, undefined, undefined, undefined, undefined, undefined,
JET JS-600 BS, https://www.muztorg.ru/files/bdc/qb9/9lb/n4s/oos/gcg/kwg/448/8/bdcqb99lbn4soosgcgkwg4488.jpeg, 22, 6, H-s-s, на болтах, клён, клён,
JACKSON JS32 Dinky DKA Satin Black, https://www.muztorg.ru/files/b6d/sh3/qry/y0o/scc/s0k/0wc/s4c/g/b6dsh3qryy0osccs0k0wcs4cg.jpg, 6, на болтах, клён, тополь, амарант, правосторонняя,
ROCKDALE Stars Plus SSS Maple Black, https://www.muztorg.ru/files/h6j/fv7/ghd/340/40k/0gw/4ww/gg4/h6jfv7ghd34040k0gw4wwgg4.jpg, 22, 6, S-s-s, на болтах, клён, тополь,
IBANEZ AM53-SRF, https://www.muztorg.ru/files/a9f/2er/gon/9k4/0c8/gww/oog/cko/a9f2ergon9k40c8gwwoogcko0.jpg, 6, вклеенный, красное дерево, сапеле, палисандр, сапеле,
Schecter SGR S-1 MSBK, https://www.muztorg.ru/files/e4s/1qu/jnv/m04/sog/8w0/w80/8so/c/e4s1qujnvm04sog8w0w808soc.jpeg, 24, 6, H-h, на болтах, клён, липа,
STAGG SES-30 SNB, https://www.muztorg.ru/files/c3t/5my/xso/9w0/o88/0gs/4s4/ocs/4/c3t5myxso9w0o880gs4s4ocs4.jpg, undefined, undefined, undefined, undefined, undefined, undefined,
ROCKDALE Stars Plus SSS Black, https://www.muztorg.ru/files/bez/5rx/049/x4w/ss4/kck/k04/c8w/k/bez5rx049x4wss4kckk04c8wk.jpg, 22, 6, S-s-s, на болтах, клён, тополь,
ARIA STG-57 2TS, https://www.muztorg.ru/files/9bb/xgj/mpp/ow8/o48/0wc/g8g/0kw/c/9bbxgjmppow8o480wcg8g0kwc.jpg, 22, 6, S-s-s, на болтах, клён, ольха,
IBANEZ AMH90-BK, https://www.muztorg.ru/files/2tk/sbl/brl/auc/k88/k0w/c8s/84k/2tksblbrlauck88k0wc8s84k0.jpg, 22, 6, H-h, вклеенный, клён, липа,
EART NK-C3 Trans Blue, https://www.muztorg.ru/files/1nq/xdy/5zy/bes/gkg/wkk/oo8/44k/1nqxdy5zybesgkgwkkoo844k0.jpg, 22, 6, H-s-s, на болтах, клён, красное дерево,
IBANEZ AF95-DA, https://www.muztorg.ru/files/4zy/vsc/5r6/7go/wo8/8ks/8oo/8o4/s/4zyvsc5r67gowo88ks8oo8o4s.jpg, 20, 6, H-h, вклеенный, липа, чёрное дерево,
Fernandes LE-1Z 3SB/ L, https://www.muztorg.ru/files/art/k1t/5jw/000/g84/484/40s/sgo/s/artk1t5jw000g8448440ssgos.jpeg, undefined, undefined, undefined, undefined, undefined, undefined,
Fabio ST200 BLS (Н/S/S), https://www.muztorg.ru/files/cv6/er5/2i4/s0s/kcc/8w4/08g/4gg/cv6er52i4s0skcc8w408g4gg0.jpg, 22, 6, H-s-s, на болтах, клён, ольха,
CORT MBM-2P-SS META Series, https://www.muztorg.ru/files/10n/rln/lqc/wtc/g0o/gwg/4gw/ock/8/10nrlnlqcwtcg0ogwg4gwock8.jpg, 22, 6, на болтах, клён, липа, лавр,
G&L Tribute ASAT Classic Tobacco Sunburst MP, https://www.muztorg.ru/files/9og/qjz/9ee/gw0/gs8/cc4/cw8/os8/w/9ogqjz9eegw0gs8cc4cw8os8w.png, undefined, undefined, undefined, undefined, undefined, undefined,
S by Solar AB4.61MC мини-электрогитара, 22,5", цвет черный, https://www.muztorg.ru/files/5zi/6bq/yyq/w00/oww/sog/4ss/s4c/g/5zi6bqyyqw00owwsog4sss4cg.jpg, undefined, undefined, undefined, undefined, undefined, undefined,
S by Solar TB4.61C электрогитара, форма Telecaster, цвет черный, https://www.muztorg.ru/files/5ls/sah/cl5/9s8/c0k/0ok/cs8/g8c/s/5lssahcl59s8c0k0okcs8g8cs.jpg, undefined, undefined, undefined, undefined, undefined, undefined,
STAGG SES-55 STF RED, https://www.muztorg.ru/files/bme/161/a43/rc4/kg0/k8c/skc/0g4/o/bme161a43rc4kg0k8cskc0g4o.jpg, undefined, undefined, undefined, undefined, undefined, undefined,
Fernandes LE-1Z 3S 3SB/L, https://www.muztorg.ru/files/5wb/xuz/8r5/w4c/kw0/wo8/k0k/sg4/5wbxuz8r5w4ckw0wo8k0ksg40.jpeg, 6, S-s-s, на болтах, клён, ольха, палисандр,
STAGG SEL-STD VSB, https://www.muztorg.ru/files/868/q34/3he/k0s/4sg/c00/owo/w8w/o/868q343hek0s4sgc00owow8wo.jpg, undefined, undefined, undefined, undefined, undefined, undefined,
ARIA PRO II STG-003 CA, https://www.muztorg.ru/files/bh0/2fr/sip/0gg/008/48s/w48/ssg/c/bh02frsip0gg00848sw48ssgc.jpg, 22, 6, S-s-s, на болтах, клён, ольха,
ARIA PRO II TEG-TL TTWH, https://www.muztorg.ru/files/94e/lys/rhe/y8s/4g8/sko/s0g/oso/k/94elysrhey8s4g8skos0gosok.jpg, 22, 6, S-s, на болтах, клён, окуме,
Schecter SGR S-1 M RED, https://www.muztorg.ru/files/7o8/4mt/4ct/9ss/g4w/4os/c0o/o04/c/7o84mt4ct9ssg4w4osc0oo04c.jpeg, 24, 6, H-h, на болтах, клён, липа,
CORT G250-Spectrum-MPU G Series, https://www.muztorg.ru/files/8i6/ai4/0el/s00/gs4/8wk/s84/s4w/8i6ai40els00gs48wks84s4w0.jpg, 22, 6, H-h, на болтах, клён, липа,
IBANEZ GRX120SP-MLM, https://www.muztorg.ru/files/er7/440/zlk/a8s/448/88s/4g0/c44/c/er7440zlka8s44888s4g0c44c.jpg, 6, H-h, на болтах, клён, тополь, ятоба,
ARIA PRO II 714-STD 3TS, https://www.muztorg.ru/files/2ff/rue/mm0/074/gs0/0ow/gcs/wkk/s/2ffruemm0074gs00owgcswkks.jpg, 22, 6, H-s-s, на болтах, клён, липа,
ZOMBIE EDG - 46 / BK, https://www.muztorg.ru/files/6v8/rux/hmd/3go/s0s/kkg/44c/gg8/c/6v8ruxhmd3gos0skkg44cgg8c.jpg, 6, на болтах, клён, орех, палисандр, правосторонняя,
AS73G-BKF, https://www.muztorg.ru/files/sxq/3cg/ewa/9cs/ckg/kkk/o0g/0s0/sxq3cgewa9csckgkkko0g0s0.jpg, undefined, undefined, undefined, undefined, undefined, undefined,
ASHTONE ST - 200 / BK, https://www.muztorg.ru/files/eka/h5k/a10/i88/ckc/wc4/csw/gww/w/ekah5ka10i88ckcwc4cswgwww.jpg, undefined, undefined, undefined, undefined, undefined, undefined,
S by Solar VB4.6C электрогитара с чехлом, форма V, цвет черный, https://www.muztorg.ru/files/7h1/20q/sye/5k4/cgo/0kw/csk/4ck/k/7h120qsye5k4cgo0kwcsk4ckk.jpg, undefined, undefined, undefined, undefined, undefined, undefined,
ARIA PRO II 615-MK2 RBRD, https://www.muztorg.ru/files/dr3/kmr/aho/js4/ocs/kwk/88c/0c4/4/dr3kmrahojs4ocskwk88c0c44.jpg, 22, 6, S-s-s, на болтах, клён, тополь,
Bosstone SG-04HH 3TS+Bag, https://www.muztorg.ru/files/2z3/le4/x34/lic/og0/0ck/4wc/owk/g/2z3le4x34licog00ck4wcowkg.jpg, 22, 6, H-h, на болтах, клён, платан,
[object Object]TERRIS TTL-039 WH, https://www.muztorg.ru/files/bvg/t7b/dqn/88c/gw0/04g/sgw/404/c/bvgt7bdqn88cgw004gsgw404c.jpg, 22, 6, S-s, на болтах, клён, липа,
CORT MBM-2H-Sustainiac-BBE META Series, https://www.muztorg.ru/files/2jd/oga/yah/dk4/ocw/0c0/8ws/o0c/s/2jdogayahdk4ocw0c08wso0cs.jpg, 22, 6, H, на болтах, клён, липа,
CORT G280-Select-TCP G Series, https://www.muztorg.ru/files/c32/vyz/4mb/mgc/s0w/084/0c0/w8w/c32vyz4mbmgcs0w0840c0w8w.jpg, 22, 6, H-s-s, на болтах, клён, ольха,
MOOER GTRS S801 Gold, https://www.muztorg.ru/files/bt7/u6k/8ks/rcc/cck/so8/ws0/scg/g/bt7u6k8ksrcccckso8ws0scgg.jpg, undefined, undefined, undefined, undefined, undefined, undefined,
ARIA PRO II 714-MK2 BKDM, https://www.muztorg.ru/files/ab1/5wq/xxz/z4k/4g4/skw/skg/c8c/g/ab15wqxxzz4k4g4skwskgc8cg.jpg, 22, 6, H-s-s, на болтах, клён, тополь,
ARIA TEG-TL N, https://www.muztorg.ru/files/eig/1gn/wva/xkc/gg8/c0w/ssw/0ws/o/eig1gnwvaxkcgg8c0wssw0wso.jpeg, 22, 6, S-s, на болтах, клён, окуме,
Fabio LP02 SB, https://www.muztorg.ru/files/ao3/mcf/xfj/bc4/ock/8wg/8ok/cgo/8/ao3mcfxfjbc4ock8wg8okcgo8.jpeg, undefined, undefined, undefined, undefined, undefined, undefined,
G&L Tribute Legacy Black MP Poplar, https://www.muztorg.ru/files/f46/jj3/t8b/y80/w0c/04c/40k/8wg/s/f46jj3t8by80w0c04c40k8wgs.jpg, 22, 6, S-s-s, на болтах, клён, тополь,
PEAVEY Raptor Plus SSS SNB, https://www.muztorg.ru/files/sb0/zfr/9vn/qos/ogo/00w/gs0/o4k/sb0zfr9vnqosogo00wgs0o4k.jpeg, 22, 6, S-s-h, на болтах, клён, палисандр,
STERLING Cutlass Vintage Cream, https://www.muztorg.ru/files/843/4z5/kl9/k84/80k/ggo/c08/w8w/s/8434z5kl9k8480kggoc08w8ws.jpg, 22, 6, S-s-h, на болтах, клён, тополь,
ARIA PRO II PE-350STD AGBS, https://www.muztorg.ru/files/a4g/s8k/cz9/48o/k84/wcg/4go/ccs/4/a4gs8kcz948ok84wcg4goccs4.jpg, 22, 6, H-h, вклеенный, окуме, липа,
FENDER SQUIER Classic Vibe 70s Stratocaster HSS MN Black, https://www.muztorg.ru/files/3ew/j16/jv8/beo/o4c/gkc/w04/wgk/g/3ewj16jv8beoo4cgkcw04wgkg.jpg, 6, H-s-s, клён, тополь, клён, правосторонняя,
AS73-TCD, https://www.muztorg.ru/files/14r/wts/eh7/log/8sg/g48/wwo/cko/14rwtseh7log8sgg48wwocko0.jpg, undefined, undefined, undefined, undefined, undefined, undefined,
MOOER GTRS P801 Blue, https://www.muztorg.ru/files/7i0/2yk/9ji/3ok/wo8/0gw/wcs/08k/7i02yk9ji3okwo80gwwcs08k0.jpg, undefined, undefined, undefined, undefined, undefined, undefined,
STAGG SES-55 SNB, https://www.muztorg.ru/files/933/llc/f8s/9wk/cg8/4w4/wcs/0kg/4/933llcf8s9wkcg84w4wcs0kg4.jpg, undefined, undefined, undefined, undefined, undefined, undefined,
RGD7521PB-DSF, https://www.muztorg.ru/files/bxj/3wv/fe0/kgg/ksk/wks/g0k/cw8/g/bxj3wvfe0kggkskwksg0kcw8g.jpg, 7, на болтах, клён, ньятон, ятоба, тополь,
S by Solar AB4.6С электрогитара, цвет черный, https://www.muztorg.ru/files/cyn/94r/tqi/hw0/844/40k/ogs/g8k/cyn94rtqihw084440kogsg8k.jpg, undefined, undefined, undefined, undefined, undefined, undefined,
MOOER GTRS S800 Gold, https://www.muztorg.ru/files/4n8/5lh/0nh/j0g/coo/wks/woc/kgg/c/4n85lh0nhj0gcoowkswockggc.jpg, undefined, undefined, undefined, undefined, undefined, undefined,
MOOER GTRS S800 White, https://www.muztorg.ru/files/cx7/8p7/agi/lss/g48/0kk/cwg/800/c/cx78p7agilssg480kkcwg800c.jpg, 22, 6, H-s-s, на болтах, клён, липа,
ARIA PRO II STG-004 CA, https://www.muztorg.ru/files/2cc/cd2/3w5/ku8/ook/kk8/o0s/8os/8/2cccd23w5ku8ookkk8o0s8os8.jpeg, 22, 6, H-s-s, на болтах, клён, липа,
MOOER GTRS P800 Dark Night, https://www.muztorg.ru/files/dfj/lxg/4kt/bco/ock/wkc/808/ocs/o/dfjlxg4ktbcoockwkc808ocso.jpg, 22, 6, H-s-s, на болтах, клён, ольха,
ARIA PRO II 615-MK2 TQBL, https://www.muztorg.ru/files/8d8/xjp/1sn/w0s/44g/8o4/4cw/sk8/8/8d8xjp1snw0s44g8o44cwsk88.jpg, 22, 6, S-s-s, на болтах, клён, тополь,
MOOER GTRS S801 White, https://www.muztorg.ru/files/7ns/gxv/7bz/sg8/c4s/004/cw0/w8g/w/7nsgxv7bzsg8c4s004cw0w8gw.jpg, undefined, undefined, undefined, undefined, undefined, undefined,
ARIA PE-590STD AGCS, https://www.muztorg.ru/files/aub/ylt/077/ls0/koc/ss8/8w8/gw4/w/aubylt077ls0kocss88w8gw4w.jpg, 22, 6, H-h, вклеенный, окуме, окуме,
IBANEZ GRG121SP-BMC, https://www.muztorg.ru/files/cm4/6zw/yls/1kw/8ko/0o0/8kw/44w/g/cm46zwyls1kw8ko0o08kw44wg.jpg, 24, 6, H-h, на болтах, клён, тополь,
ARIA STG-62 3TS, https://www.muztorg.ru/files/eas/mzb/qs8/sg0/wo0/cwg/48s/s0g/c/easmzbqs8sg0wo0cwg48ss0gc.jpg, 22, 6, S-s-s, на болтах, клён, ольха,
FARIDA F-5052 Pigment Green Sparkling, https://www.muztorg.ru/files/3yb/2l0/bqm/yio/wgs/4s4/40g/0ko/8/3yb2l0bqmyiowgs4s440g0ko8.jpg, 24, 6, H-h, на болтах, клён, ольха,
PEAVEY Raptor Plus Black SSS Black, https://www.muztorg.ru/files/6g3/55f/rpp/0g0/80g/cs0/cow/oc8/s/6g355frpp0g080gcs0cowoc8s.jpg, 21, 6, S-s-s, на болтах, клён, липа,
PEAVEY Raptor Custom Sunburst, https://www.muztorg.ru/files/d86/f0y/bcm/40s/wos/sk8/08c/s0o/k/d86f0ybcm40swossk808cs0ok.jpg, 22, 6, S-s-s, на болтах, клён, липа,
ASHTONE ST - 200 / WH, https://www.muztorg.ru/files/co4/z88/3lw/740/c8o/04k/s8o/8g0/co4z883lw740c8o04ks8o8g0.jpg, undefined, undefined, undefined, undefined, undefined, undefined,
IBANEZ QX52-BKF, https://www.muztorg.ru/files/f2h/ep0/6a0/lws/8oo/4cw/880/ks4/4/f2hep06a0lws8oo4cw880ks44.jpg, 6, H-h, на болтах, клён, ньятон, клён,
CORT X700-Duality-II-LVB X Series, https://www.muztorg.ru/files/dst/xle/5a6/ko4/8ok/4ks/c8g/8o0/o/dstxle5a6ko48ok4ksc8g8o0o.jpg, 24, 6, H-h, на болтах, панга-панга, красное дерево,
IBANEZ SA360NQM-BMG, https://www.muztorg.ru/files/8lz/7up/bgf/rgo/sso/cgo/8s0/44c/s/8lz7upbgfrgossocgo8s044cs.jpg, 22, 6, S-s-h, на болтах, клён, окуме,
[object Object]SCHECTER SGR BANSHEE-6 EB, https://www.muztorg.ru/files/4fj/9l4/xn0/gow/8ow/kkc/oss/c8w/g/4fj9l4xn0gow8owkkcossc8wg.jpg, undefined, undefined, undefined, undefined, undefined, undefined,
JACKSON JS11 Dinky DK Metallic Blue, https://www.muztorg.ru/files/gw1/qvp/i3b/ls0/wgs/88k/go0/c4w/gw1qvpi3bls0wgs88kgo0c4w.jpg, 22, 6, H-h, на болтах, клён, тополь,
G&L Tribute Legacy Gloss White SF MP, https://www.muztorg.ru/files/952/hun/p93/400/s8w/cw8/ck4/wkc/c/952hunp93400s8wcw8ck4wkcc.jpeg, 22, 6, S-s-s, на болтах, клён, ясень,
EVH WG STD, BKD MPL FB, w/BN, GLOSS BLACK, https://www.muztorg.ru/files/83v/w2o/1cg/w00/woc/sgs/4sw/0o4/83vw2o1cgw00wocsgs4sw0o40.jpg, 22, 6, H-h, на болтах, клён, липа,
CORT MBM-2H-Sustainiac-SBLK META Series, https://www.muztorg.ru/files/6u4/61a/pcm/j4s/ogk/csg/8k4/c4k/w/6u461apcmj4sogkcsg8k4c4kw.jpg, 22, 6, на болтах, клён, липа, лавр,
SCHECTER C-6 PLUS VSB, https://www.muztorg.ru/files/euq/ssd/jkl/340/ooo/csk/ok8/4co/euqssdjkl340ooocskok84co.png, undefined, undefined, undefined, undefined, undefined, undefined,
ARIA PRO II J-TL 2TS, https://www.muztorg.ru/files/6pm/mqe/pkw/18o/4co/s4o/wk0/8g8/s/6pmmqepkw18o4cos4owk08g8s.jpg, 24, 6, S-s, на болтах, клён, липа,
ZOMBIE EDG - 46 / RVM, https://www.muztorg.ru/files/ar4/7jq/zzh/c00/wck/gww/gko/kko/s/ar47jqzzhc00wckgwwgkokkos.jpg, 6, на болтах, клён, орех, палисандр, правосторонняя,
STERLING Majesty Siberian Sapphire, https://www.muztorg.ru/files/csp/zvu/k03/lkw/000/o04/cow/0g0/c/cspzvuk03lkw000o04cow0g0c.jpg, 24, 6, H-h, вклеенный, ньятон, ньятон,
JET JS-600 TRS, https://www.muztorg.ru/files/a8r/hfc/tl2/680/c0s/ksk/c48/o8k/4/a8rhfctl2680c0skskc48o8k4.jpg, 22, 6, H-s-s, на болтах, клён, клён,
S by Solar AB4.7С 7-струнная электрогитара, цвет черный, https://www.muztorg.ru/files/4az/gy8/kj3/9og/oog/sw4/c08/8k0/c/4azgy8kj39ogoogsw4c088k0c.jpg, undefined, undefined, undefined, undefined, undefined, undefined,
JET JT-350 BK R, https://www.muztorg.ru/files/2go/7oh/5mv/j9c/cso/gg8/s04/w44/k/2go7oh5mvj9ccsogg8s04w44k.webp, 22, 6, H-s, на болтах, клён, ольха,
CORT G300-GLAM-PIMB G Series, https://www.muztorg.ru/files/c9k/omm/me1/b4k/cw8/wog/8wk/o4w/4/c9kommme1b4kcw8wog8wko4w4.jpg, 24, 6, H-h, на болтах, красное дерево, красное дерево,
IBANEZ AF95FM-AYS, https://www.muztorg.ru/files/bt1/xbl/pl9/t4o/cgg/sgo/c4c/kco/k/bt1xblpl9t4ocggsgoc4ckcok.jpg, 20, 6, H-h, вклеенный, красное дерево, клён,
IBANEZ SEW761FM-NTF, https://www.muztorg.ru/files/76u/vcj/ud4/wow/8gw/soc/kwg/w4o/o/76uvcjud4wow8gwsockwgw4oo.jpg, 6, undefined, undefined, undefined, undefined, undefined,
IBANEZ AMH90-IV, https://www.muztorg.ru/files/68i/ls9/1r7/tc8/g88/040/ogo/w00/c/68ils91r7tc8g88040ogow00c.jpg, 22, 6, H-h, вклеенный, клён, липа,
MOOER GTRS P801 White, https://www.muztorg.ru/files/1fj/6oj/1qh/ym8/so4/wos/44k/cw4/c/1fj6oj1qhym8so4wos44kcw4c.jpg, undefined, undefined, undefined, undefined, undefined, undefined,
ARIA JET-TL SVW, https://www.muztorg.ru/files/crf/dhg/2td/7w4/kgg/8ck/4k8/oco/4/crfdhg2td7w4kgg8ck4k8oco4.jpg, 24, 6, S-s, на болтах, клён, тополь,
S by Solar EB4.6C электрогитара с чехлом, форма Explorer, цвет черный, https://www.muztorg.ru/files/5ln/2ln/knc/2sk/0ks/swg/oo8/ck8/w/5ln2lnknc2sk0ksswgoo8ck8w.jpg, undefined, undefined, undefined, undefined, undefined, undefined,
CORT MBM-2H-LH-SBLK META Series, https://www.muztorg.ru/files/dov/2n0/x0p/soc/ks8/88k/cg8/8ok/s/dov2n0x0psocks888kcg88oks.jpg, 22, 6, H-h, на болтах, клён, липа,
STAGG SES-55 BLK, https://www.muztorg.ru/files/9gz/onu/ceb/30g/4ks/goo/ksc/swk/4/9gzonuceb30g4ksgookscswk4.jpg, 22, 6, S-s-s, на болтах, клён, павловния,
IBANEZ AS93BC-BK, https://www.muztorg.ru/files/8xs/1eg/vla/fwg/00g/kkw/gso/gs0/s/8xs1egvlafwg00gkkwgsogs0s.jpg, 6, H-h, вклеенный, клён, бокоте, чёрное дерево,
ARIA PRO II 615-MK2 BKDM, https://www.muztorg.ru/files/8u9/j03/j70/a4o/wog/848/0ck/0o0/8u9j03j70a4owog8480ck0o00.jpeg, 22, 6, S-s-s, на болтах, клён, тополь,
JET JS-450 TBL, https://www.muztorg.ru/files/q3r/cf3/z5b/s0k/80g/oo8/0s4/gs8/q3rcf3z5bs0k80goo80s4gs8.jpg, 22, 6, H-s-s, на болтах, клён, липа,
TERRIS TSS-139 BK, https://www.muztorg.ru/files/cwj/iz1/t9p/hc0/k8s/0k0/ko8/gcc/4/cwjiz1t9phc0k8s0k0ko8gcc4.jpg, 22, 6, H-s-h, на болтах, клён, липа,
ARIA PRO II TEG-TL 3TS, https://www.muztorg.ru/files/85p/mky/xuk/ds8/ssg/g48/8ws/cgg/k/85pmkyxukds8ssgg488wscggk.jpg, 22, 6, S-s, на болтах, клён, липа,
CORT G200-SKB G Series, https://www.muztorg.ru/files/3qz/1oj/gkw/728/4kk/ccc/404/k8c/g/3qz1ojgkw7284kkccc404k8cg.jpg, 22, 6, H-s-h, на болтах, клён, тополь,
MOOER GTRS P801 Red, https://www.muztorg.ru/files/bim/bb1/nt4/m8g/448/0c8/ccs/gcc/s/bimbb1nt4m8g4480c8ccsgccs.jpg, undefined, undefined, undefined, undefined, undefined, undefined,
MOOER GTRS P800 Dark Silver, https://www.muztorg.ru/files/2f4/cdu/inq/0u8/4ws/0ss/o8s/ccg/s/2f4cduinq0u84ws0sso8sccgs.jpg, undefined, undefined, undefined, undefined, undefined, undefined,
ARIA JET-TL BK, https://www.muztorg.ru/files/76k/hru/ot2/pog/8s4/ogc/c0g/w4k/76khruot2pog8s4ogcc0gw4k0.jpg, 24, 6, H-h, на болтах, клён, тополь,
ROCKDALE Akira EX Reverse Black, https://www.muztorg.ru/files/edo/hr8/82z/vso/w4o/kok/848/4oo/g/edohr882zvsow4okok8484oog.jpg, 24, 6, на болтах, клён, тополь, Superstrat,
SCHECTER SGR C-1 M RED, https://www.muztorg.ru/files/cdq/7tk/ojd/9ko/cgg/scw/gs8/c0g/8/cdq7tkojd9kocggscwgs8c0g8.jpg, undefined, undefined, undefined, undefined, undefined, undefined,
IBANEZ GRX70QAL-TBB, https://www.muztorg.ru/files/3ao/djj/grh/4mc/s0w/ok0/o0c/w44/s/3aodjjgrh4mcs0wok0o0cw44s.jpg, 6, H-s-h, на болтах, тополь, ятоба, левосторонняя,
[object Object]ARIA 718-MK2 OPBK, https://www.muztorg.ru/files/ceg/fk7/jpr/hko/g40/o80/gsc/ooo/s/cegfk7jprhkog40o80gscooos.jpg, 22, 6, вклеенный, клён, красное дерево, палисандр,
FENDER SQUIER Affinity 2021 Stratocaster MN Olympic White, https://www.muztorg.ru/files/cwu/m8v/1se/w0g/kks/s8c/0g0/4ko/cwum8v1sew0gkkss8c0g04ko0.jpeg, undefined, undefined, undefined, undefined, undefined, undefined,
ROCKDALE Akira DX Black, https://www.muztorg.ru/files/8ya/ntw/agq/s08/0sw/cws/c4o/084/o/8yantwagqs080swcwsc4o084o.jpg, 24, 6, H-h, на болтах, клён, тополь,
STERLING Cutlass Toluca Lake Blue, https://www.muztorg.ru/files/idw/rp4/4nd/7kg/ww8/wso/kw4/s04/idwrp44nd7kgww8wsokw4s04.jpg, 22, 6, H-s-s, на болтах, палисандр, тополь,
MOOER GTRS P800 White, https://www.muztorg.ru/files/bfs/2wv/ccm/zso/ow0/4sc/oss/0gc/4/bfs2wvccmzsoow04scoss0gc4.jpg, 22, 6, H-s-s, на болтах, клён, ольха,
FENDER PLAYER Stratocaster HSS MN Polar White, https://www.muztorg.ru/files/9p6/hi5/dyt/a0w/wko/kso/8og/c84/k/9p6hi5dyta0wwkokso8ogc84k.jpg, 6, H-s-s, на болтах, клён, ольха, клён,
JACKSON JS22 Dinky DKA Metallic Blue, https://www.muztorg.ru/files/9gs/rvq/7ey/dc0/4go/coo/4wc/wko/w/9gsrvq7eydc04gocoo4wcwkow.jpg, 6, на болтах, клён, тополь, амарант, тополь,
FENDER American PRO II Stratocaster MN Miami Blue, https://www.muztorg.ru/files/2sb/mg9/803/0is/c00/wsk/sww/ock/c/2sbmg98030isc00wskswwockc.jpeg, undefined, undefined, undefined, undefined, undefined, undefined,
DONNER DMT-100 Black, https://www.muztorg.ru/files/477/ocb/6nq/0is/0w4/4k8/csg/00o/8/477ocb6nq0is0w44k8csg00o8.jpg, 24, 6, H-h, на болтах, клён, тополь,
ARIA PRO II 615-MK2 MBWH, https://www.muztorg.ru/files/b3w/mw8/sku/9wg/8ow/ws0/o04/cgo/4/b3wmw8sku9wg8owws0o04cgo4.jpg, 22, 6, H-h-h, на болтах, клён, тополь,
ARIA PRO II J-TL BK, https://www.muztorg.ru/files/7vv/8bh/e4z/wws/csg/w88/g4c/848/7vv8bhe4zwwscsgw88g4c8480.jpg, 24, 6, S-s, на болтах, клён, липа,
STAGG SVYSPCL BK, https://www.muztorg.ru/files/4n1/fin/7xs/qgw/4gw/s0k/4w0/oo8/4/4n1fin7xsqgw4gws0k4w0oo84.jpg, undefined, undefined, undefined, undefined, undefined, undefined,
FENDER SQUIER Sonic Mustang HH California Blue, https://www.muztorg.ru/files/f28/v8d/ggc/54w/cg8/4w4/484/g8s/g/f28v8dggc54wcg84w4484g8sg.png, 22, 6, H-h, на болтах, клён, тополь,
STAGG SEL-STD BLK, https://www.muztorg.ru/files/9v1/ky5/apt/4gs/cc4/40c/08o/oww/4/9v1ky5apt4gscc440c08ooww4.jpg, undefined, undefined, undefined, undefined, undefined, undefined,
JACKSON JS12 Dinky DK Snow White, https://www.muztorg.ru/files/cyv/b5f/6sx/hs8/8c0/o40/occ/8cg/w/cyvb5f6sxhs88c0o40occ8cgw.jpg, 24, 6, H-h, на болтах, клён, тополь,
G&L Tribute Legacy Shoreline Gold MP Poplar, https://www.muztorg.ru/files/bxk/4qr/lgv/xss/k8o/cgg/8ow/0ww/4/bxk4qrlgvxssk8ocgg8ow0ww4.jpeg, 22, 6, H-s-h, на болтах, клён, тополь,
PEAVEY Raptor Plus Pack Sunburst, https://www.muztorg.ru/files/1sm/jbf/ns0/dk0/og4/oo8/o0c/go4/s/1smjbfns0dk0og4oo8o0cgo4s.jpg, 22, 6, H-s-s, на болтах, клён, липа,
PEAVEY Raptor Plus IVR, https://www.muztorg.ru/files/7uq/l1w/d57/fk0/8ww/04c/0sg/sk0/w/7uql1wd57fk08ww04c0sgsk0w.jpg, undefined, undefined, undefined, undefined, undefined, undefined,
PEAVEY Raptor Custom RED, https://www.muztorg.ru/files/eos/vug/5bc/psg/skc/w0o/s4s/w88/k/eosvug5bcpsgskcw0os4sw88k.jpg, 22, 6, S-s-s, на болтах, клён, липа,
ROCKDALE Akira EXP Snow White, https://www.muztorg.ru/files/561/sbi/9b3/xs8/s0w/sok/k0s/soo/c/561sbi9b3xs8s0wsokk0ssooc.jpg, 24, 6, H-h, на болтах, клён, тополь,
ROCKDALE Akira HSS Black, https://www.muztorg.ru/files/7e5/usg/cp9/qos/s4g/k0c/cko/soo/w/7e5usgcp9qoss4gk0cckosoow.jpg, undefined, undefined, undefined, undefined, undefined, undefined,
MOOER GTRS P801 Green, https://www.muztorg.ru/files/9tv/bz5/9vv/a4g/0cg/kco/0wg/o4w/4/9tvbz59vva4g0cgkco0wgo4w4.jpg, undefined, undefined, undefined, undefined, undefined, undefined,
Caraya E219RDS, https://www.muztorg.ru/files/15v/ip2/0xl/fwg/4og/gsc/kgg/wkc/4/15vip20xlfwg4oggsckggwkc4.jpeg, 22, 6, S-s, на болтах, клён, палисандр,
IBANEZ AG95QA-DBS, https://www.muztorg.ru/files/6ul/7rb/ey5/dc8/s0s/cks/cso/gsw/g/6ul7rbey5dc8s0sckscsogswg.jpg, 20, 6, H-h, вклеенный, ньятон, ясень,
FENDER American Performer Stratocaster RW HONEY BURST, https://www.muztorg.ru/files/7hn/i29/q5n/ukg/8cc/cc0/s44/kws/4/7hni29q5nukg8cccc0s44kws4.jpg, 6, S-s-s, на болтах, клён, ольха, палисандр,
ZOMBIE EDG - 46 / VBL, https://www.muztorg.ru/files/3lu/k7z/suj/euc/4k8/88g/k8w/k0w/8/3luk7zsujeuc4k888gk8wk0w8.jpg, 6, на болтах, клён, орех, палисандр, правосторонняя,
JACKSON JS24 Dinky DKAM Red Stain, https://www.muztorg.ru/files/1q6/3a6/seh/p40/cg0/oo4/0ko/ssw/k/1q63a6sehp40cg0oo40kosswk.jpeg, 24, 6, H-h, на болтах, клён, красное дерево,
FENDER Player Plus STRAT MN 3-Tone Sunburst, https://www.muztorg.ru/files/8mj/2w8/xis/m80/c00/o8w/kg0/w48/o/8mj2w8xism80c00o8wkg0w48o.jpg, 6, Stratocaster, undefined, undefined, undefined, undefined,
DONNER DMT-100 White, https://www.muztorg.ru/files/5io/fsk/3iw/h44/s08/c88/gc8/gsw/g/5iofsk3iwh44s08c88gc8gswg.jpg, 24, 6, H-h, на болтах, клён, тополь,
ROCKDALE Akira HSS Snow White, https://www.muztorg.ru/files/1je/6fs/u3q/qtc/ws4/ok0/w8g/gcs/o/1je6fsu3qqtcws4ok0w8ggcso.jpg, undefined, undefined, undefined, undefined, undefined, undefined,
ROCKDALE Akira HH Snow White, https://www.muztorg.ru/files/5dl/m5m/t2v/rks/8gw/o0k/o4g/s8k/g/5dlm5mt2vrks8gwo0ko4gs8kg.jpg, undefined, undefined, undefined, undefined, undefined, undefined,
MOOER GTRS P800 Pink, https://www.muztorg.ru/files/dxb/3k2/c7o/rcc/gkw/ckc/sow/0c4/dxb3k2c7orccgkwckcsow0c40.jpg, undefined, undefined, undefined, undefined, undefined, undefined,
MOOER GTRS S800 Red, https://www.muztorg.ru/files/bkg/rar/3up/ncc/sww/s4c/c4g/0k8/bkgrar3upnccswws4cc4g0k8.jpg, 22, 6, H-s-h, на болтах, клён, липа,
[object Object]CORT G300-RAW-NS G Series, https://www.muztorg.ru/files/61h/8me/w29/ig4/8ww/80g/o0w/ws4/g/61h8mew29ig48ww80go0wws4g.jpg, 24, 6, H-h, на болтах, красное дерево, красное дерево,
MOOER GTRS P800 Red, https://www.muztorg.ru/files/94n/eys/pqn/dwk/soo/wso/ssk/0cw/o/94neyspqndwksoowsossk0cwo.jpg, undefined, undefined, undefined, undefined, undefined, undefined,
JET JS-400 LPB, https://www.muztorg.ru/files/5yo/5q8/s8r/k84/ggk/848/444/wgk/k/5yo5q8s8rk84ggk848444wgkk.jpg, 22, 6, H-h-s, вклеенный, клён, липа,
FENDER SQUIER SONIC STRAT HSS MN Black, https://www.muztorg.ru/files/70a/nqg/po0/z48/c8s/04c/k0g/k80/o/70anqgpo0z48c8s04ck0gk80o.jpg, undefined, undefined, undefined, undefined, undefined, undefined,
Homage HEG500RDS, https://www.muztorg.ru/files/b3e/hwt/bmg/dko/ogo/4k4/04c/ckc/w/b3ehwtbmgdkoogo4k404cckcw.jpg, undefined, undefined, undefined, undefined, undefined, undefined,
DONNER DST-152 Polar White, https://www.muztorg.ru/files/bgu/p3z/xuq/zcc/gws/k4g/g8w/0ko/o/bgup3zxuqzccgwsk4gg8w0koo.jpg, 22, 6, H-s-s, на болтах, клён, тополь,
Russtone RUSSD-SSH MRS, https://www.muztorg.ru/files/4l6/qry/657/0g0/gcc/s4c/s8o/g88/o/4l6qry6570g0gccs4cs8og88o.jpeg, undefined, undefined, undefined, undefined, undefined, undefined,
CORT G250-Spectrum-MEG G Series, https://www.muztorg.ru/files/co8/qt0/xax/s84/okk/gkk/g08/g0s/4/co8qt0xaxs84okkgkkg08g0s4.jpg, undefined, undefined, undefined, undefined, undefined, undefined,
JET JT-350 BSC, https://www.muztorg.ru/files/ba4/irt/zo5/7so/oww/8ws/s8w/cgg/c/ba4irtzo57sooww8wss8wcggc.jpg, 22, 6, S-s, на болтах, клён, липа,
EART GW-7F Black, https://www.muztorg.ru/files/yu0/zso/7ki/1cc/go8/gg0/wk0/gs0/yu0zso7ki1ccgo8gg0wk0gs0.jpg, undefined, undefined, undefined, undefined, undefined, undefined,
EART TL-380 Stealth Black, https://www.muztorg.ru/files/8fl/rzl/z8m/h8o/sog/g0w/kgc/w4k/g/8flrzlz8mh8osogg0wkgcw4kg.jpg, undefined, undefined, undefined, undefined, undefined, undefined,
FENDER SQUIER Sonic Telecaster, цвет California Blue, https://www.muztorg.ru/files/72l/xis/63m/scg/0cs/4sw/400/wc0/g/72lxis63mscg0cs4sw400wc0g.jpg, 21, 6, S-s, на болтах, клён, тополь,
FENDER SQUIER Sonic Telecaster, цвет Torino Red, https://www.muztorg.ru/files/bd5/vfy/q93/1cg/4os/ck4/04c/8oo/s/bd5vfyq931cg4osck404c8oos.jpg, 21, 6, S-s, на болтах, клён, тополь,
FENDER Player II Stratocaster 3-Color Sunburst, https://www.muztorg.ru/files/cjx/kv0/gpj/tc8/s8c/8ok/48c/gcs/8/cjxkv0gpjtc8s8c8ok48cgcs8.jpg, 22, 6, S-s-s, на болтах, клён, ольха,
JET JS-400 PK, https://www.muztorg.ru/files/6s7/30d/cvv/7k0/ggs/s04/008/gs0/6s730dcvv7k0ggss04008gs00.jpeg, undefined, undefined, undefined, undefined, undefined, undefined,
JET JT-300 BL, https://www.muztorg.ru/files/9rb/wkc/idj/boc/gg8/cog/co8/gs8/9rbwkcidjbocgg8cogco8gs80.jpeg, undefined, undefined, undefined, undefined, undefined, undefined,
FENDER SQUIER Sonic Telecaster Black, https://www.muztorg.ru/files/3j9/ji8/x90/gao/840/0k4/o84/ogc/3j9ji8x90gao8400k4o84ogc.jpg, 21, 6, S-s, на болтах, клён, тополь,
TERRIS TST-040 LB, https://www.muztorg.ru/files/8xq/beq/mij/m88/ks4/k0w/44s/8kw/8xqbeqmijm88ks4k0w44s8kw0.jpeg, 22, 6, S-s-s, на болтах, берёза, липа,
ARIA STG-003 MBL, https://www.muztorg.ru/files/etb/u22/9ke/60w/w08/00g/wck/o84/o/etbu229ke60ww0800gwcko84o.jpg, 22, 6, S-s-s, на болтах, клён, липа,
PEAVEY Raptor Plus Black, https://www.muztorg.ru/files/6g3/55f/rpp/0g0/80g/cs0/cow/oc8/s/6g355frpp0g080gcs0cowoc8s.jpg, 22, 6, S-s-h, на болтах, клён, липа,
DONNER LP-124 Sunburst, https://www.muztorg.ru/files/b9g/09u/9ps/68k/sks/g04/kgs/0kk/o/b9g09u9ps68ksksg04kgs0kko.jpg, 22, 6, H-h, на болтах, окуме, липа,
ROCKDALE Akira EXP Black, https://www.muztorg.ru/files/7zv/cm2/xow/ko4/sgk/8wc/o4g/g88/o/7zvcm2xowko4sgk8wco4gg88o.jpg, 24, 6, H-h, на болтах, клён, тополь,
ROCKDALE Akira HH Black, https://www.muztorg.ru/files/32o/kkl/vzh/jgg/4ok/cc8/wcs/0ko/s/32okklvzhjgg4okcc8wcs0kos.jpg, undefined, undefined, undefined, undefined, undefined, undefined,
Russtone RUST-SSS BK, https://www.muztorg.ru/files/e02/aqd/29y/tk4/ows/w0g/8o8/ggg/4/e02aqd29ytk4owsw0g8o8ggg4.jpg, undefined, undefined, undefined, undefined, undefined, undefined,
Russtone RUTC-SS NT, https://www.muztorg.ru/files/4ft/dlm/au9/n6s/80k/k0k/w4o/co8/w/4ftdlmau9n6s80kk0kw4oco8w.jpg, undefined, undefined, undefined, undefined, undefined, undefined,
IBANEZ GRG320FA-TBS, https://www.muztorg.ru/files/3w2/7ia/l91/yww/0wk/04c/ss4/0s8/w/3w27ial91yww0wk04css40s8w.jpg, 24, 6, H-h, на болтах, клён, тополь,
ARIA PE-350STD AGBK, https://www.muztorg.ru/files/6y4/c08/7vz/xs8/scw/oow/88c/sc4/8/6y4c087vzxs8scwoow88csc48.jpg, 22, 6, H-h, вклеенный, окуме, липа,
STAGG SEL-DLX DC BST, https://www.muztorg.ru/files/7dw/xtq/rev/zsw/ksg/sk4/og0/0sc/s/7dwxtqrevzswksgsk4og00scs.jpg, undefined, undefined, undefined, undefined, undefined, undefined,
ARIA STG-003 CA, https://www.muztorg.ru/files/1y6/8vk/p3f/928/os8/g00/8og/ooo/g/1y68vkp3f928os8g008ogooog.jpg, 22, 6, S-s-s, на болтах, клён, липа,
STAGG SEL-HB90 BLK, https://www.muztorg.ru/files/4sb/azt/ecg/qgw/wg8/ksc/goo/0k4/g/4sbaztecgqgwwg8kscgoo0k4g.jpg, undefined, undefined, undefined, undefined, undefined, undefined,
ARIA JET-1 BK, https://www.muztorg.ru/files/3x3/ez5/e22/1s0/84o/ok4/gk0/s4o/8/3x3ez5e221s084ook4gk0s4o8.jpg, 24, 6, H-h, на болтах, клён, тополь,
DEAN EXILEX F BKS, https://www.muztorg.ru/files/7jm/svs/jnh/v48/ogw/k8o/0ow/ggo/8/7jmsvsjnhv48ogwk8o0owggo8.jpeg, undefined, undefined, undefined, undefined, undefined, undefined,
JET JS-450 OBL, https://www.muztorg.ru/files/e9u/h7v/4aw/60c/0gs/sgw/c8s/gc0/w/e9uh7v4aw60c0gssgwc8sgc0w.jpg, 22, 6, H-s-s, на болтах, клён, липа,
